{
  "ticker": "AAPL",
  "side": "buy",
  "total_shares": 10000,
  "n_slices": 26,
  "path": [
    188.4199981689453,
    189.2212090562119,
    187.7907058991611,
    189.33167302163076,
    191.188159322876,
    188.24564329866314,
    186.37999130407326,
    186.8876513509279,
    186.6582954211135,
    186.92590317552975,
    185.80565260583688,
    187.5606244014538,
    189.14696719045298,
    189.55204564556604,
    191.71834690801091,
    192.7897336397744,
    191.65911277804022,
    192.5665962846419,
    191.27069207829268,
    193.02409108107997,
    193.2367238132904,
    193.22541119659908,
    192.39080779532486,
    194.71527255503491,
    194.75430147020256,
    194.3389248956873,
    194.0500030517578
  ],
  "volume_curve": [
    0.06585879873551106,
    0.059283456269757645,
    0.053256059009483665,
    0.047776606954689146,
    0.042845100105374075,
    0.038461538461538464,
    0.0346259220231823,
    0.03133825079030558,
    0.028598524762908323,
    0.026406743940990518,
    0.024762908324552156,
    0.023667017913593255,
    0.0231190727081138,
    0.0231190727081138,
    0.02366701791359326,
    0.024762908324552156,
    0.026406743940990518,
    0.028598524762908327,
    0.03133825079030558,
    0.0346259220231823,
    0.03846153846153847,
    0.042845100105374075,
    0.047776606954689146,
    0.05325605900948367,
    0.05928345626975763,
    0.06585879873551106
  ],
  "exec_prices": [
    188.42047141979566,
    189.22168730371473,
    187.7911834928684,
    189.33215752038194,
    191.18865158767082,
    188.2461309560595,
    186.38047706789808,
    186.88814138534732,
    186.65878779800346,
    186.9263992064091,
    185.80614859440556,
    187.56112803283784,
    189.14747806453806,
    189.5525606032389,
    191.7188707745549,
    192.79026347442212,
    191.65964252818344,
    192.5671315801303,
    191.27122678803633,
    193.0246337368338,
    193.23727011443236,
    193.22596051318678,
    192.39135777350094,
    194.7158322489816,
    194.75486434786944,
    194.33948963782973
  ],
  "exec_quantities": [
    384.6153989434242,
    384.61537544543927,
    384.6153958628957,
    384.6153910661172,
    384.6153950388918,
    384.6153901946498,
    384.61538840364483,
    384.615385236394,
    384.61538507719354,
    384.61538347582444,
    384.61538195347026,
    384.61540201272555,
    384.61539771431364,
    384.61539352611743,
    384.6153894665062,
    384.61538842446697,
    384.6153815470081,
    384.6153780445985,
    384.6153748207897,
    384.6153920144368,
    384.61538341761315,
    384.61537539391117,
    384.61536822989166,
    384.6153796923229,
    384.61536249867606,
    384.61536249867606
  ],
  "final_reward": 0.2463,
  "filled_fraction": 1.0,
  "schedule_label": "corrected TWAP (equal absolute quantity per slice)"
}